{
  "id": "",
  "name": "",
  "font_family": "iconfont",
  "css_prefix_text": "icon-",
  "description": "",
  "glyphs": [
    {
      "icon_id": "1350067",
      "name": "专题服务",
      "font_class": "zhuantifuwu",
      "unicode": "e630",
      "unicode_decimal": 58928
    },
    {
      "icon_id": "1687154",
      "name": "我的",
      "font_class": "ziyuan",
      "unicode": "e621",
      "unicode_decimal": 58913
    },
    {
      "icon_id": "8629255",
      "name": "首页",
      "font_class": "shouye",
      "unicode": "e66c",
      "unicode_decimal": 58988
    },
    {
      "icon_id": "9453185",
      "name": "分类",
      "font_class": "fenlei",
      "unicode": "e606",
      "unicode_decimal": 58886
    },
    {
      "icon_id": "10715425",
      "name": "购物车",
      "font_class": "gouwuche",
      "unicode": "e633",
      "unicode_decimal": 58931
    }
  ]
}
